Title,Pages,Genre,ReleaseDate,Author,Publisher,,,
Harry Potter and the Sorcerer's Stone,320,Fantasy,6/26/1997,J.K. Rowling,Scholastic,,,
The Catcher in the Rye,224,Coming of Age,7/16/1951,J.D. Salinger,Little, Brown and Company,,
To the Lighthouse,209,Modernist,5/5/1927,Virginia Woolf,Hogarth Press,,,
The Hobbit,310,Fantasy,9/21/1937,J.R.R. Tolkien,Allen & Unwin,,,
The Alchemist,197,Adventure,4/25/1988,Paulo Coelho,HarperOne,,,
The Hunger Games,374,Dystopian,9/14/2008,Suzanne Collins,Scholastic,,,
Brave New World,288,Science Fiction,10/14/1932,Aldous Huxley,Harper & Brothers,,,
Fahrenheit 451,158,Dystopian,10/19/1953,Ray Bradbury,Ballantine Books,,,
1984,328,Science Fiction,6/8/1949,George Orwell,Secker & Warburg,,,
The Lord of the Rings,1178,Fantasy,7/29/1954,J.R.R. Tolkien,Allen & Unwin,,,
Jane Eyre,594,Classic,1847-10-16,Charlotte Brontë,Smith, Elder & Co.,,
The Picture of Dorian Gray,254,Classic,1890-07-01,Oscar Wilde,Ward, Lock & Co.,,
One Hundred Years of Solitude,417,Magical Realism,5/30/1967,Gabriel García Márquez,Harper & Row,,,
The Kite Runner,371,Fiction,5/29/2003,Khaled Hosseini,Riverhead Books,,,
The Da Vinci Code,454,Thriller,3/18/2003,Dan Brown,Doubleday,,,
Gone Girl,432,Thriller,6/5/2012,Gillian Flynn,Crown Publishing Group,,,
The Girl on the Train,316,Thriller,1/13/2015,Paula Hawkins,Transworld Publishers,,,
Animal Farm,122,Satire,8/17/1945,George Orwell,Secker & Warburg,,,
The Chronicles of Narnia,767,Fantasy,10/16/1950,C.S. Lewis,Geoffrey Bles,,,
Moby-Dick,896,Adventure,1851-10-18,Herman Melville,Richard Bentley,,,
The Scarlet Letter,238,Classics,1850-03-16,Nathaniel Hawthorne,Ticknor, Reed & Fields,,
Frankenstein,280,Horror,1818-01-01,Mary Shelley,Lackington, Hughes, Harding, Mavor & Jones
The Grapes of Wrath,464,Fiction,4/14/1939,John Steinbeck,The Viking Press,,,
Lord of the Flies,224,Adventure,9/17/1954,William Golding,Faber and Faber,,,
The Adventures of Huckleberry Finn,366,Adventure,1884-12-10,Mark Twain,Chatto & Windus,,,
Pippi Longstocking,160,Children's,5/23/1945,Astrid Lindgren,Rabén & Sjögren,,,
A Tale of Two Cities,448,Classics,1859-04-30,Charles Dickens,Chapman & Hall,,,
The Sun Also Rises,251,Fiction,10/22/1926,Ernest Hemingway,Charles Scribner's Sons,,,
Don Quixote,863,Classic,1605-01-16,Miguel de Cervantes,Francisco de Robles,,,
The Shining,688,Horror,1/28/1977,Stephen King,Doubleday,,,
War and Peace,1225,Historical Fiction,1869-01-01,Leo Tolstoy,The Russian Messenger,,,
Wuthering Heights,464,Classic,1847-12-19,Emily Brontë,Thomas Cautley Newby,,,
The Time Machine,118,Science Fiction,1895-05-07,H.G. Wells,William Heinemann,,,
Anna Karenina,864,Classics,1877-01-01,Leo Tolstoy,The Russian Messenger,,,
The Old Man and the Sea,127,Fiction,9/1/1952,Ernest Hemingway,Charles Scribner's Sons,,,
Crime and Punishment,671,Classics,1866-01-01,Fyodor Dostoevsky,The Russian Messenger,,,
Dracula,418,Horror,1897-05-26,Bram Stoker,Archibald Constable and Company,,,
